{
    "vit": {
        "Accuracy": 0.5052631578947369,
        "Precision": 0.7627847827912613,
        "Recall": 0.5052631578947369,
        "F1-Score": 0.5508952288135991
    },
    "cnn": {
        "Accuracy": 0.9894736842105263,
        "Precision": 0.9894736842105263,
        "Recall": 0.9894736842105263,
        "F1-Score": 0.9894736842105263
    }
}